{
    "DH": [
        [
            -2.30,
            0.20975,
            0.649141,
            0.00
        ],
        [
            2.30,
            0.292,
            0.15,
            -1.57079632679
        ],
        [
            -1.23,
            0.00,
            0.575,
            0.00
        ],
        [
            -0.5769796708,
            0.00,
            0.04,
            -1.57079632679
        ],
        [
            0.1453000565,
            0.675005,
            0.00,
            1.57079632679
        ],
        [
            0.20514076429,
            0.00,
            0.00,
            -1.57079632679
        ]
    ],
    
    "base": [
        [0, -1, 0, 0],
        [1,  0, 0, 0],
        [0,  0, 1, 0.33],
        [0,  0, 0, 1]
    ]
}